{"cameraMode":{"drawMode":0,"name":"Shaded","section":"Shading Mode"},"sceneLighting":false,"audioPlay":false,"sceneViewState":{"showFog":true,"showMaterialUpdate":false,"showSkybox":false,"showFlares":true,"showImageEffects":true,"showParticleSystems":true},"in2DMode":false,"pivot":{"x":0.10023993253707886,"y":0.6660266518592835,"z":0.16841202974319459},"rotation":{"x":-0.0077316295355558399,"y":0.8919373154640198,"z":-0.015262140892446041,"w":-0.45183897018432619},"size":1.2616182565689088,"orthographic":false}